{"modeCount": 33, "edgeCount": 22, "links": {"0": {"1": {"src": 0, "dest": 1, "weight": 1.4004465106761335, "info": "", "tag": -1}, "10": {"src": 0, "dest": 10, "weight": 1.4620268165085584, "info": "", "tag": -1}}, "1": {"0": {"src": 1, "dest": 0, "weight": 1.8884659521433524, "info": "", "tag": -1}, "2": {"src": 1, "dest": 2, "weight": 1.7646903245689283, "info": "", "tag": -1}}, "2": {"1": {"src": 2, "dest": 1, "weight": 1.7155926739282625, "info": "", "tag": -1}, "3": {"src": 2, "dest": 3, "weight": 1.1435447583365383, "info": "", "tag": -1}}, "3": {"2": {"src": 3, "dest": 2, "weight": 1.0980094622804095, "info": "", "tag": -1}, "4": {"src": 3, "dest": 4, "weight": 1.4301580756736283, "info": "", "tag": -1}}, "4": {"3": {"src": 4, "dest": 3, "weight": 1.4899867265011255, "info": "", "tag": -1}, "5": {"src": 4, "dest": 5, "weight": 1.9442789961315767, "info": "", "tag": -1}}, "5": {"4": {"src": 5, "dest": 4, "weight": 1.4622464066335845, "info": "", "tag": -1}, "6": {"src": 5, "dest": 6, "weight": 1.160662656360925, "info": "", "tag": -1}}, "6": {"5": {"src": 6, "dest": 5, "weight": 1.6677173820549975, "info": "", "tag": -1}, "7": {"src": 6, "dest": 7, "weight": 1.3968360163668776, "info": "", "tag": -1}}, "7": {"6": {"src": 7, "dest": 6, "weight": 1.0176531013725074, "info": "", "tag": -1}, "8": {"src": 7, "dest": 8, "weight": 1.354895648936991, "info": "", "tag": -1}}, "8": {"7": {"src": 8, "dest": 7, "weight": 1.6449953452844968, "info": "", "tag": -1}, "9": {"src": 8, "dest": 9, "weight": 1.8526880332753517, "info": "", "tag": -1}}, "9": {"8": {"src": 9, "dest": 8, "weight": 1.4575484853801393, "info": "", "tag": -1}, "10": {"src": 9, "dest": 10, "weight": 1.022651770039933, "info": "", "tag": -1}}, "10": {"0": {"src": 10, "dest": 0, "weight": 1.1761238717867548, "info": "", "tag": -1}, "9": {"src": 10, "dest": 9, "weight": 1.0887225789883779, "info": "", "tag": -1}}}, "nodes": {"0": {"key": 0, "weight": 0, "info": "", "tag": 0, "geoLocation": {"x": 35.18753053591606, "y": 32.10378225882353, "z": 0.0}}, "1": {"key": 1, "weight": 0, "info": "", "tag": 0, "geoLocation": {"x": 35.18958953510896, "y": 32.10785303529412, "z": 0.0}}, "2": {"key": 2, "weight": 0, "info": "", "tag": 0, "geoLocation": {"x": 35.19341035835351, "y": 32.10610841680672, "z": 0.0}}, "3": {"key": 3, "weight": 0, "info": "", "tag": 0, "geoLocation": {"x": 35.197528356739305, "y": 32.1053088, "z": 0.0}}, "4": {"key": 4, "weight": 0, "info": "", "tag": 0, "geoLocation": {"x": 35.2016888087167, "y": 32.10601755126051, "z": 0.0}}, "5": {"key": 5, "weight": 0, "info": "", "tag": 0, "geoLocation": {"x": 35.20582803389831, "y": 32.10625380168067, "z": 0.0}}, "6": {"key": 6, "weight": 0, "info": "", "tag": 0, "geoLocation": {"x": 35.20792948668281, "y": 32.10470908739496, "z": 0.0}}, "7": {"key": 7, "weight": 0, "info": "", "tag": 0, "geoLocation": {"x": 35.20746249717514, "y": 32.10254648739496, "z": 0.0}}, "8": {"key": 8, "weight": 0, "info": "", "tag": 0, "geoLocation": {"x": 35.20319591121872, "y": 32.1031462, "z": 0.0}}, "9": {"key": 9, "weight": 0, "info": "", "tag": 0, "geoLocation": {"x": 35.19597880064568, "y": 32.10154696638656, "z": 0.0}}, "10": {"key": 10, "weight": 0, "info": "", "tag": 0, "geoLocation": {"x": 35.18910131880549, "y": 32.103618700840336, "z": 0.0}}}}