{"G_10000_80000_0.json": {"load": {"run_time": 307.2202205657959}, "shortest_path": {"conf": {"src": 7772, "dest": 4152}, "result": [53.94095721363535, [7772, 3703, 382, 521, 5097, 4152]], "run_time": 2.671957015991211}, "connected_components": {"conf": null}, "connected_component": {"conf": {"node_id": 7772}}}, "G_10_80_0.json": {"load": {"run_time": 22.11308479309082}, "shortest_path": {"conf": {"src": 9, "dest": 7}, "result": [29.383547256455053, [9, 5, 7]], "run_time": 0.06604194641113281}, "connected_components": {"conf": null}, "connected_component": {"conf": {"node_id": 9}}}, "G_20000_160000_0.json": {"load": {"run_time": 701.0600566864014}, "shortest_path": {"conf": {"src": 3942, "dest": 10900}, "result": [121.33873495083276, [3942, 3496, 143, 10867, 2805, 7698, 14425, 4443, 12526, 10900]], "run_time": 197.3898410797119}, "connected_components": {"conf": null}, "connected_component": {"conf": {"node_id": 3942}}}, "G_30000_240000_0.json": {"load": {"run_time": 1139.9269104003906}, "shortest_path": {"conf": {"src": 3467, "dest": 12534}, "result": [99.90176761468624, [3467, 27802, 25433, 11200, 22514, 29132, 28690, 12534]], "run_time": 68.1769847869873}, "connected_components": {"conf": null}, "connected_component": {"conf": {"node_id": 3467}}}, "G_30000_240000_1.json": {"load": {"run_time": 1098.0360507965088}, "shortest_path": {"conf": {"src": 14490, "dest": 25521}, "result": [95.80324575245828, [14490, 7488, 15445, 956, 24386, 8168, 530, 27578, 11117, 25521]], "run_time": 265.2738094329834}, "connected_components": {"conf": null}, "connected_component": {"conf": {"node_id": 14490}}}, "G_20000_160000_1.json": {"load": {"run_time": 667.9689884185791}, "shortest_path": {"conf": {"src": 4446, "dest": 17}, "result": [101.91612286128014, [4446, 16402, 12960, 12998, 11689, 17]], "run_time": 54.763078689575195}, "connected_components": {"conf": null}, "connected_component": {"conf": {"node_id": 4446}}}, "G_10_80_1.json": {"load": {"run_time": 52.50811576843262}, "shortest_path": {"conf": {"src": 1, "dest": 5}, "result": [42.76824927106041, [1, 7, 5]], "run_time": 0.11897087097167969}, "connected_components": {"conf": null}, "connected_component": {"conf": {"node_id": 1}}}, "G_10000_80000_1.json": {"load": {"run_time": 318.1319236755371}, "shortest_path": {"conf": {"src": 519, "dest": 6134}, "result": [91.06194263688226, [519, 5439, 508, 5613, 2253, 7175, 6826, 8171, 7226, 4024, 4270, 9271, 2812, 9264, 9543, 6134]], "run_time": 75.45804977416992}, "connected_components": {"conf": null}, "connected_component": {"conf": {"node_id": 519}}}, "G_100_800_1.json": {"load": {"run_time": 24.169921875}, "shortest_path": {"conf": {"src": 32, "dest": 14}, "result": [52.46243459754531, [32, 60, 89, 9, 14]], "run_time": 0.4360675811767578}, "connected_components": {"conf": null}, "connected_component": {"conf": {"node_id": 32}}}, "G_1000_8000_2.json": {"load": {"run_time": 26.442289352416992}, "shortest_path": {"conf": {"src": 688, "dest": 885}, "result": [67.70656411167548, [688, 108, 831, 117, 364, 252, 402, 327, 616, 885]], "run_time": 3.751993179321289}, "connected_components": {"conf": null}, "connected_component": {"conf": {"node_id": 688}}}, "G_100_800_0.json": {"load": {"run_time": 4.843235015869141}, "shortest_path": {"conf": {"src": 56, "dest": 89}, "result": [35.889734122595655, [56, 45, 84, 89]], "run_time": 0.24080276489257812}, "connected_components": {"conf": null}, "connected_component": {"conf": {"node_id": 56}}}, "G_1000_8000_0.json": {"load": {"run_time": 42.59490966796875}, "shortest_path": {"conf": {"src": 278, "dest": 897}, "result": [32.76943938592937, [278, 167, 225, 594, 928, 302, 897]], "run_time": 0.6580352783203125}, "connected_components": {"conf": null}, "connected_component": {"conf": {"node_id": 278}}}, "G_1000_8000_1.json": {"load": {"run_time": 24.17922019958496}, "shortest_path": {"conf": {"src": 829, "dest": 249}, "result": [76.07529432068777, [829, 89, 431, 127, 613, 249]], "run_time": 6.393671035766602}, "connected_components": {"conf": null}, "connected_component": {"conf": {"node_id": 829}}}, "G_100_800_2.json": {"load": {"run_time": 3.9827823638916016}, "shortest_path": {"conf": {"src": 41, "dest": 86}, "result": [69.1210872043921, [41, 87, 16, 50, 26, 29, 86]], "run_time": 0.6468296051025391}, "connected_components": {"conf": null}, "connected_component": {"conf": {"node_id": 41}}}, "G_20000_160000_2.json": {"load": {"run_time": 645.1189517974854}, "shortest_path": {"conf": {"src": 6283, "dest": 6891}, "result": [116.5667381952383, [6283, 2997, 8612, 7961, 2250, 210, 18409, 12463, 6891]], "run_time": 192.73900985717773}, "connected_components": {"conf": null}, "connected_component": {"conf": {"node_id": 6283}}}, "G_10_80_2.json": {"load": {"run_time": 50.205230712890625}, "shortest_path": {"conf": {"src": 2, "dest": 8}, "result": [18.553934040660664, [2, 8]], "run_time": 0.0591278076171875}, "connected_components": {"conf": null}, "connected_component": {"conf": {"node_id": 2}}}, "G_10000_80000_2.json": {"load": {"run_time": 328.2449245452881}, "shortest_path": {"conf": {"src": 7975, "dest": 5461}, "result": [131.47708092710445, [7975, 3672, 13, 4476, 5366, 6173, 6585, 7400, 8326, 2399, 9327, 4358, 3155, 5461]], "run_time": 118.25108528137207}, "connected_components": {"conf": null}, "connected_component": {"conf": {"node_id": 7975}}}, "G_30000_240000_2.json": {"load": {"run_time": 1137.0279788970947}, "shortest_path": {"conf": {"src": 14863, "dest": 21309}, "result": [87.4070632728032, [14863, 26702, 17025, 14850, 250, 18635, 3045, 23731, 9556, 21309]], "run_time": 313.16089630126953}, "connected_components": {"conf": null}, "connected_component": {"conf": {"node_id": 14863}}}}